{
	"type": "block",
	"pools": [
		{
			"rolls": 1.0,
			"bonus_rolls": 0.0,
			"entries": [
				{
					"type": "alternatives",
					"children": [
						{
							"type": "dynamic",
							"name": "contents",
							"conditions": [
							{
								"condition": "match_tool","predicate": {
									"nbt": "{drop_content:1b}"
								}
							}
							]
						},
						{
							"type": "item",
							"functions": [
								{
									"function": "copy_name",
									"source": "block_entity"
								},
								{
									"function": "copy_nbt",
									"source": "block_entity",
									"ops": [
										{
											"source": "Lock",
											"target": "BlockEntityTag.Lock",
											"op": "replace"
										},
										{
											"source": "LootTable",
											"target": "BlockEntityTag.LootTable",
											"op": "replace"
										},
										{
											"source": "LootTableSeed",
											"target": "BlockEntityTag.LootTableSeed",
											"op": "replace"
										}
									]
								},
								{
									"function": "set_contents",
									"type": "shulker_box",
									"entries": [
										{
											"type": "dynamic",
											"name": "contents"
										}
									]
								}
							],
							"name": "light_blue_shulker_box"
						}
					]
				}
			]
		}
	]
}