{
    "condition": "minecraft:alternative",
    "terms": [
        {
            "condition": "minecraft:entity_scores",
            "entity": "this",
            "scores": {
                "vimiSpadeW": {
                    "min": 1,
					"max":2147483647
                }
            }
        },
        {
            "condition": "minecraft:entity_scores",
            "entity": "this",
            "scores": {
                "vimiSpadeS": {
                    "min": 1,
					"max":2147483647
                }
            }
        },
        {
            "condition": "minecraft:entity_scores",
            "entity": "this",
            "scores": {
                "vimiSpadeI": {
                    "min": 1,
					"max":2147483647
                }
            }
        },
        {
            "condition": "minecraft:entity_scores",
            "entity": "this",
            "scores": {
                "vimiSpadeG": {
                    "min": 1,
					"max":2147483647
                }
            }
        },
        {
            "condition": "minecraft:entity_scores",
            "entity": "this",
            "scores": {
                "vimiSpadeD": {
                    "min": 1,
					"max":2147483647
                }
            }
        }
        
        
        ,
        {
            "condition": "minecraft:entity_scores",
            "entity": "this",
            "scores": {
                "vimiSpadeN": {
                    "min": 1,
					"max":2147483647
                }
            }
        }
    ]
}