{
	"condition": "alternative",
	"terms": [
		{
			"condition": "entity_scores",
			"entity": "this",
			"scores": {
				"vimiShears": {
					"min": 1
				}
			}
		},
		{
			"condition": "inverted",
			"term": {
				"condition": "alternative",
				"terms": [
					{
						"condition": "inverted",
						"term": {
							"condition": "entity_properties",
							"entity": "this",
							"predicate": {
								"equipment": {
									"mainhand": {
										"items": ["shears"]
									}
								}
							}
						}
					},
					{
						"condition": "inverted",
						"term": {
							"condition": "alternative",
							"terms": [
								{
									"condition": "entity_scores",
									"entity": "this",
									"scores": {
										"vimiTallGrass": {
											"min": 1
										}
									}
								},
								{
									"condition": "entity_scores",
									"entity": "this",
									"scores": {
										"vimiLargeFern": {
											"min": 1
										}
									}
								},
								{
									"condition": "entity_scores",
									"entity": "this",
									"scores": {
										"vimiGlowLichen": {
											"min": 1
										}
									}
								}
							]
						}
					}
				]
			}
		}
	]
}