{
    "condition": "minecraft:alternative",
    "terms": [
        {
            "condition": "minecraft:entity_scores",
            "entity": "this",
            "scores": {
                "vimiAxeW": {
                    "min": 1,
					"max":2147483647
                }
            }
        },
        {
            "condition": "minecraft:entity_scores",
            "entity": "this",
            "scores": {
                "vimiAxeS": {
                    "min": 1,
					"max":2147483647
                }
            }
        },
        {
            "condition": "minecraft:entity_scores",
            "entity": "this",
            "scores": {
                "vimiAxeI": {
                    "min": 1,
					"max":2147483647
                }
            }
        },
        {
            "condition": "minecraft:entity_scores",
            "entity": "this",
            "scores": {
                "vimiAxeG": {
                    "min": 1,
					"max":2147483647
                }
            }
        },
        {
            "condition": "minecraft:entity_scores",
            "entity": "this",
            "scores": {
                "vimiAxeD": {
                    "min": 1,
					"max":2147483647
                }
            }
        }
        
        
        ,
        {
            "condition": "minecraft:entity_scores",
            "entity": "this",
            "scores": {
                "vimiAxeN": {
                    "min": 1,
					"max":2147483647
                }
            }
        }
    ]
}