{
	"pools": [
		{
			"rolls": 1,
			"entries": [
				{
					"type": "item",
					"name": "minecraft:stone",
					"functions": [
						{
							"function": "minecraft:set_attributes",
							"modifiers": [
								{
									"name": "random",
									"attribute": "generic.movement_speed",
									"operation": "addition",
									"amount": {
										"type": "uniform",
										"min": 1,
										"max": 2520
									},
									"slot": ["mainhand"]
								}
							]
						}
					]
				}
			]
		}
	]
}
